cluster,hogares,pct_hogares
0,2519,46.786775631500745
1,1851,34.37964338781575
2,1014,18.833580980683507
