componente,varianza_explicada,varianza_acumulada
PC1,0.32249920553141126,0.32249920553141126
PC2,0.2222870129152647,0.544786218446676
